{
  "id": "1882634",
  "name": "coder",
  "font_family": "iconfont",
  "css_prefix_text": "icon",
  "description": "",
  "glyphs": [
    {
      "icon_id": "13303933",
      "name": "php",
      "font_class": "php",
      "unicode": "e67e",
      "unicode_decimal": 59006
    },
    {
      "icon_id": "3176624",
      "name": "Facebook",
      "font_class": "Facebook",
      "unicode": "e9fd",
      "unicode_decimal": 59901
    },
    {
      "icon_id": "3176645",
      "name": "GitHub",
      "font_class": "GitHub",
      "unicode": "ea0a",
      "unicode_decimal": 59914
    },
    {
      "icon_id": "3176853",
      "name": "Twitter",
      "font_class": "Twitter",
      "unicode": "ea3f",
      "unicode_decimal": 59967
    },
    {
      "icon_id": "11983516",
      "name": "stackoverflow",
      "font_class": "stackoverflow",
      "unicode": "ea05",
      "unicode_decimal": 59909
    },
    {
      "icon_id": "11983519",
      "name": "youtube",
      "font_class": "youtube1",
      "unicode": "ea07",
      "unicode_decimal": 59911
    },
    {
      "icon_id": "11983544",
      "name": "google",
      "font_class": "google1",
      "unicode": "ea0d",
      "unicode_decimal": 59917
    },
    {
      "icon_id": "13302921",
      "name": "apiblueprint",
      "font_class": "apiblueprint",
      "unicode": "e630",
      "unicode_decimal": 58928
    },
    {
      "icon_id": "13302957",
      "name": "c",
      "font_class": "c",
      "unicode": "e64e",
      "unicode_decimal": 58958
    },
    {
      "icon_id": "13304145",
      "name": "vue",
      "font_class": "vue",
      "unicode": "e753",
      "unicode_decimal": 59219
    },
    {
      "icon_id": "3970670",
      "name": "JavaScript",
      "font_class": "JavaScript",
      "unicode": "e746",
      "unicode_decimal": 59206
    },
    {
      "icon_id": "12600749",
      "name": "java",
      "font_class": "java1",
      "unicode": "e747",
      "unicode_decimal": 59207
    },
    {
      "icon_id": "13303099",
      "name": "cpp",
      "font_class": "cpp",
      "unicode": "e658",
      "unicode_decimal": 58968
    },
    {
      "icon_id": "13303104",
      "name": "csharp",
      "font_class": "csharp",
      "unicode": "e74a",
      "unicode_decimal": 59210
    },
    {
      "icon_id": "13304033",
      "name": "python",
      "font_class": "python",
      "unicode": "e6fa",
      "unicode_decimal": 59130
    }
  ]
}
