{
  "id": "1721868",
  "name": "icon",
  "font_family": "iconfont",
  "css_prefix_text": "icon-",
  "description": "",
  "glyphs": [
    {
      "icon_id": "3970670",
      "name": "JavaScript",
      "font_class": "JavaScript",
      "unicode": "e746",
      "unicode_decimal": 59206
    },
    {
      "icon_id": "12600749",
      "name": "java",
      "font_class": "java1",
      "unicode": "e747",
      "unicode_decimal": 59207
    },
    {
      "icon_id": "13303104",
      "name": "csharp",
      "font_class": "csharp",
      "unicode": "e74a",
      "unicode_decimal": 59210
    },
    {
      "icon_id": "14926203",
      "name": "Br",
      "font_class": "tubiaozhizuomoban7-01-01",
      "unicode": "e609",
      "unicode_decimal": 58889
    },
    {
      "icon_id": "13303172",
      "name": "folder-ci",
      "font_class": "folder-ci",
      "unicode": "e671",
      "unicode_decimal": 58993
    },
    {
      "icon_id": "13303185",
      "name": "folder-custom",
      "font_class": "folder-custom",
      "unicode": "e672",
      "unicode_decimal": 58994
    },
    {
      "icon_id": "13303197",
      "name": "folder-docs",
      "font_class": "folder-docs",
      "unicode": "e673",
      "unicode_decimal": 58995
    },
    {
      "icon_id": "13303199",
      "name": "folder-components",
      "font_class": "folder-components",
      "unicode": "e674",
      "unicode_decimal": 58996
    },
    {
      "icon_id": "13303200",
      "name": "folder-config",
      "font_class": "folder-config",
      "unicode": "e675",
      "unicode_decimal": 58997
    },
    {
      "icon_id": "13303476",
      "name": "groovy",
      "font_class": "groovy",
      "unicode": "e676",
      "unicode_decimal": 58998
    },
    {
      "icon_id": "13303477",
      "name": "gulp",
      "font_class": "gulp",
      "unicode": "e677",
      "unicode_decimal": 58999
    },
    {
      "icon_id": "13303478",
      "name": "haskell",
      "font_class": "haskell",
      "unicode": "e678",
      "unicode_decimal": 59000
    },
    {
      "icon_id": "13303479",
      "name": "hack",
      "font_class": "hack",
      "unicode": "e679",
      "unicode_decimal": 59001
    },
    {
      "icon_id": "13303480",
      "name": "hcl_light",
      "font_class": "hcl_light",
      "unicode": "e67a",
      "unicode_decimal": 59002
    },
    {
      "icon_id": "13303481",
      "name": "graphql",
      "font_class": "graphql",
      "unicode": "e67b",
      "unicode_decimal": 59003
    },
    {
      "icon_id": "13303482",
      "name": "handlebars",
      "font_class": "handlebars",
      "unicode": "e67c",
      "unicode_decimal": 59004
    },
    {
      "icon_id": "13303483",
      "name": "hpp",
      "font_class": "hpp",
      "unicode": "e67d",
      "unicode_decimal": 59005
    },
    {
      "icon_id": "13303484",
      "name": "html",
      "font_class": "html",
      "unicode": "e67e",
      "unicode_decimal": 59006
    },
    {
      "icon_id": "13303485",
      "name": "h",
      "font_class": "h",
      "unicode": "e67f",
      "unicode_decimal": 59007
    },
    {
      "icon_id": "13303486",
      "name": "fortran",
      "font_class": "fortran",
      "unicode": "e680",
      "unicode_decimal": 59008
    },
    {
      "icon_id": "13303487",
      "name": "heroku",
      "font_class": "heroku",
      "unicode": "e681",
      "unicode_decimal": 59009
    },
    {
      "icon_id": "13303488",
      "name": "fsharp",
      "font_class": "fsharp",
      "unicode": "e682",
      "unicode_decimal": 59010
    },
    {
      "icon_id": "13303489",
      "name": "fusebox",
      "font_class": "fusebox",
      "unicode": "e683",
      "unicode_decimal": 59011
    },
    {
      "icon_id": "13303490",
      "name": "gemfile",
      "font_class": "gemfile",
      "unicode": "e684",
      "unicode_decimal": 59012
    },
    {
      "icon_id": "13303491",
      "name": "font",
      "font_class": "font",
      "unicode": "e685",
      "unicode_decimal": 59013
    },
    {
      "icon_id": "13303492",
      "name": "haxe",
      "font_class": "haxe",
      "unicode": "e686",
      "unicode_decimal": 59014
    },
    {
      "icon_id": "13303493",
      "name": "git",
      "font_class": "git",
      "unicode": "e687",
      "unicode_decimal": 59015
    },
    {
      "icon_id": "13303494",
      "name": "gatsby",
      "font_class": "gatsby",
      "unicode": "e688",
      "unicode_decimal": 59016
    },
    {
      "icon_id": "13303495",
      "name": "gitpod",
      "font_class": "gitpod",
      "unicode": "e689",
      "unicode_decimal": 59017
    },
    {
      "icon_id": "13303496",
      "name": "godot",
      "font_class": "godot",
      "unicode": "e68a",
      "unicode_decimal": 59018
    },
    {
      "icon_id": "13303497",
      "name": "gradle",
      "font_class": "gradle",
      "unicode": "e68b",
      "unicode_decimal": 59019
    },
    {
      "icon_id": "13303498",
      "name": "go",
      "font_class": "go",
      "unicode": "e68c",
      "unicode_decimal": 59020
    },
    {
      "icon_id": "13303499",
      "name": "graphcool",
      "font_class": "graphcool",
      "unicode": "e68d",
      "unicode_decimal": 59021
    },
    {
      "icon_id": "13303500",
      "name": "foxpro",
      "font_class": "foxpro",
      "unicode": "e68e",
      "unicode_decimal": 59022
    },
    {
      "icon_id": "13303501",
      "name": "helm",
      "font_class": "helm",
      "unicode": "e68f",
      "unicode_decimal": 59023
    },
    {
      "icon_id": "13303502",
      "name": "go-mod",
      "font_class": "go-mod",
      "unicode": "e690",
      "unicode_decimal": 59024
    },
    {
      "icon_id": "13303503",
      "name": "gcp",
      "font_class": "gcp",
      "unicode": "e691",
      "unicode_decimal": 59025
    },
    {
      "icon_id": "13303504",
      "name": "gitlab",
      "font_class": "gitlab",
      "unicode": "e692",
      "unicode_decimal": 59026
    },
    {
      "icon_id": "13303505",
      "name": "godot-assets",
      "font_class": "godot-assets",
      "unicode": "e693",
      "unicode_decimal": 59027
    },
    {
      "icon_id": "13303506",
      "name": "haml",
      "font_class": "haml",
      "unicode": "e694",
      "unicode_decimal": 59028
    },
    {
      "icon_id": "13303508",
      "name": "go_gopher",
      "font_class": "go_gopher",
      "unicode": "e695",
      "unicode_decimal": 59029
    },
    {
      "icon_id": "13303509",
      "name": "grunt",
      "font_class": "grunt",
      "unicode": "e696",
      "unicode_decimal": 59030
    },
    {
      "icon_id": "13303525",
      "name": "javascript-map",
      "font_class": "javascript-map",
      "unicode": "e697",
      "unicode_decimal": 59031
    },
    {
      "icon_id": "13303526",
      "name": "json",
      "font_class": "json",
      "unicode": "e698",
      "unicode_decimal": 59032
    },
    {
      "icon_id": "13303527",
      "name": "karma",
      "font_class": "karma",
      "unicode": "e699",
      "unicode_decimal": 59033
    },
    {
      "icon_id": "13303528",
      "name": "jinja",
      "font_class": "jinja",
      "unicode": "e69a",
      "unicode_decimal": 59034
    },
    {
      "icon_id": "13303529",
      "name": "julia",
      "font_class": "julia",
      "unicode": "e69b",
      "unicode_decimal": 59035
    },
    {
      "icon_id": "13303530",
      "name": "jupyter",
      "font_class": "jupyter",
      "unicode": "e69c",
      "unicode_decimal": 59036
    },
    {
      "icon_id": "13303531",
      "name": "key",
      "font_class": "key",
      "unicode": "e69d",
      "unicode_decimal": 59037
    },
    {
      "icon_id": "13303532",
      "name": "kivy",
      "font_class": "kivy",
      "unicode": "e69e",
      "unicode_decimal": 59038
    },
    {
      "icon_id": "13303533",
      "name": "kl",
      "font_class": "kl",
      "unicode": "e69f",
      "unicode_decimal": 59039
    },
    {
      "icon_id": "13303534",
      "name": "lib",
      "font_class": "lib",
      "unicode": "e6a0",
      "unicode_decimal": 59040
    },
    {
      "icon_id": "13303535",
      "name": "less",
      "font_class": "less",
      "unicode": "e6a1",
      "unicode_decimal": 59041
    },
    {
      "icon_id": "13303536",
      "name": "laravel",
      "font_class": "laravel",
      "unicode": "e6a2",
      "unicode_decimal": 59042
    },
    {
      "icon_id": "13303537",
      "name": "jest",
      "font_class": "jest",
      "unicode": "e6a3",
      "unicode_decimal": 59043
    },
    {
      "icon_id": "13303538",
      "name": "jenkins",
      "font_class": "jenkins",
      "unicode": "e6a4",
      "unicode_decimal": 59044
    },
    {
      "icon_id": "13303539",
      "name": "lock",
      "font_class": "lock",
      "unicode": "e6a5",
      "unicode_decimal": 59045
    },
    {
      "icon_id": "13303540",
      "name": "liquid",
      "font_class": "liquid",
      "unicode": "e6a6",
      "unicode_decimal": 59046
    },
    {
      "icon_id": "13303541",
      "name": "log",
      "font_class": "log",
      "unicode": "e6a7",
      "unicode_decimal": 59047
    },
    {
      "icon_id": "13303542",
      "name": "lua",
      "font_class": "lua",
      "unicode": "e6a8",
      "unicode_decimal": 59048
    },
    {
      "icon_id": "13303543",
      "name": "markdown",
      "font_class": "markdown",
      "unicode": "e6a9",
      "unicode_decimal": 59049
    },
    {
      "icon_id": "13303544",
      "name": "markojs",
      "font_class": "markojs",
      "unicode": "e6aa",
      "unicode_decimal": 59050
    },
    {
      "icon_id": "13303545",
      "name": "makefile",
      "font_class": "makefile",
      "unicode": "e6ab",
      "unicode_decimal": 59051
    },
    {
      "icon_id": "13303546",
      "name": "livescript",
      "font_class": "livescript",
      "unicode": "e6ac",
      "unicode_decimal": 59052
    },
    {
      "icon_id": "13303547",
      "name": "mdx",
      "font_class": "mdx",
      "unicode": "e6ad",
      "unicode_decimal": 59053
    },
    {
      "icon_id": "13303548",
      "name": "jinja_light",
      "font_class": "jinja_light",
      "unicode": "e6ae",
      "unicode_decimal": 59054
    },
    {
      "icon_id": "13303549",
      "name": "matlab",
      "font_class": "matlab",
      "unicode": "e6af",
      "unicode_decimal": 59055
    },
    {
      "icon_id": "13303550",
      "name": "merlin",
      "font_class": "merlin",
      "unicode": "e6b0",
      "unicode_decimal": 59056
    },
    {
      "icon_id": "13303551",
      "name": "mint",
      "font_class": "mint",
      "unicode": "e6b1",
      "unicode_decimal": 59057
    },
    {
      "icon_id": "13303552",
      "name": "http",
      "font_class": "http",
      "unicode": "e6b2",
      "unicode_decimal": 59058
    },
    {
      "icon_id": "13303553",
      "name": "image",
      "font_class": "image",
      "unicode": "e6b3",
      "unicode_decimal": 59059
    },
    {
      "icon_id": "13303554",
      "name": "husky",
      "font_class": "husky",
      "unicode": "e6b4",
      "unicode_decimal": 59060
    },
    {
      "icon_id": "13303555",
      "name": "i18n",
      "font_class": "in",
      "unicode": "e6b5",
      "unicode_decimal": 59061
    },
    {
      "icon_id": "13303556",
      "name": "java",
      "font_class": "java",
      "unicode": "e6b6",
      "unicode_decimal": 59062
    },
    {
      "icon_id": "13303557",
      "name": "mathematica",
      "font_class": "mathematica",
      "unicode": "e6b7",
      "unicode_decimal": 59063
    },
    {
      "icon_id": "13303558",
      "name": "javascript",
      "font_class": "javascript",
      "unicode": "e6b8",
      "unicode_decimal": 59064
    },
    {
      "icon_id": "13303559",
      "name": "ionic",
      "font_class": "ionic",
      "unicode": "e6b9",
      "unicode_decimal": 59065
    },
    {
      "icon_id": "13303560",
      "name": "istanbul",
      "font_class": "istanbul",
      "unicode": "e6ba",
      "unicode_decimal": 59066
    },
    {
      "icon_id": "13303606",
      "name": "jinja_light",
      "font_class": "jinja_light1",
      "unicode": "e6bb",
      "unicode_decimal": 59067
    },
    {
      "icon_id": "13303607",
      "name": "json",
      "font_class": "json1",
      "unicode": "e6bc",
      "unicode_decimal": 59068
    },
    {
      "icon_id": "13303608",
      "name": "jupyter",
      "font_class": "jupyter1",
      "unicode": "e6bd",
      "unicode_decimal": 59069
    },
    {
      "icon_id": "13303609",
      "name": "karma",
      "font_class": "karma1",
      "unicode": "e6be",
      "unicode_decimal": 59070
    },
    {
      "icon_id": "13303610",
      "name": "julia",
      "font_class": "julia1",
      "unicode": "e6bf",
      "unicode_decimal": 59071
    },
    {
      "icon_id": "13303611",
      "name": "key",
      "font_class": "key1",
      "unicode": "e6c0",
      "unicode_decimal": 59072
    },
    {
      "icon_id": "13303612",
      "name": "kivy",
      "font_class": "kivy1",
      "unicode": "e6c1",
      "unicode_decimal": 59073
    },
    {
      "icon_id": "13303613",
      "name": "kl",
      "font_class": "kl1",
      "unicode": "e6c2",
      "unicode_decimal": 59074
    },
    {
      "icon_id": "13303614",
      "name": "lib",
      "font_class": "lib1",
      "unicode": "e6c3",
      "unicode_decimal": 59075
    },
    {
      "icon_id": "13303615",
      "name": "less",
      "font_class": "less1",
      "unicode": "e6c4",
      "unicode_decimal": 59076
    },
    {
      "icon_id": "13303616",
      "name": "liquid",
      "font_class": "liquid1",
      "unicode": "e6c5",
      "unicode_decimal": 59077
    },
    {
      "icon_id": "13303617",
      "name": "livescript",
      "font_class": "livescript1",
      "unicode": "e6c6",
      "unicode_decimal": 59078
    },
    {
      "icon_id": "13303618",
      "name": "lock",
      "font_class": "lock1",
      "unicode": "e6c7",
      "unicode_decimal": 59079
    },
    {
      "icon_id": "13303619",
      "name": "laravel",
      "font_class": "laravel1",
      "unicode": "e6c8",
      "unicode_decimal": 59080
    },
    {
      "icon_id": "13303620",
      "name": "log",
      "font_class": "log1",
      "unicode": "e6c9",
      "unicode_decimal": 59081
    },
    {
      "icon_id": "13303621",
      "name": "lua",
      "font_class": "lua1",
      "unicode": "e6ca",
      "unicode_decimal": 59082
    },
    {
      "icon_id": "13303622",
      "name": "markdown",
      "font_class": "markdown1",
      "unicode": "e6cb",
      "unicode_decimal": 59083
    },
    {
      "icon_id": "13303623",
      "name": "makefile",
      "font_class": "makefile1",
      "unicode": "e6cc",
      "unicode_decimal": 59084
    },
    {
      "icon_id": "13303624",
      "name": "markojs",
      "font_class": "markojs1",
      "unicode": "e6cd",
      "unicode_decimal": 59085
    },
    {
      "icon_id": "13303628",
      "name": "matlab",
      "font_class": "matlab1",
      "unicode": "e6ce",
      "unicode_decimal": 59086
    },
    {
      "icon_id": "13303629",
      "name": "javascript-map",
      "font_class": "javascript-map1",
      "unicode": "e6cf",
      "unicode_decimal": 59087
    },
    {
      "icon_id": "13303631",
      "name": "jest",
      "font_class": "jest1",
      "unicode": "e6d0",
      "unicode_decimal": 59088
    },
    {
      "icon_id": "13303632",
      "name": "mathematica",
      "font_class": "mathematica1",
      "unicode": "e6d1",
      "unicode_decimal": 59089
    },
    {
      "icon_id": "13303907",
      "name": "moonscript",
      "font_class": "moonscript",
      "unicode": "e6d2",
      "unicode_decimal": 59090
    },
    {
      "icon_id": "13303908",
      "name": "mxml",
      "font_class": "mxml",
      "unicode": "e6d3",
      "unicode_decimal": 59091
    },
    {
      "icon_id": "13303909",
      "name": "mjml",
      "font_class": "mjml",
      "unicode": "e6d4",
      "unicode_decimal": 59092
    },
    {
      "icon_id": "13303910",
      "name": "mocha",
      "font_class": "mocha",
      "unicode": "e6d5",
      "unicode_decimal": 59093
    },
    {
      "icon_id": "13303911",
      "name": "ngrx-actions",
      "font_class": "ngrx-actions",
      "unicode": "e6d6",
      "unicode_decimal": 59094
    },
    {
      "icon_id": "13303912",
      "name": "nest-service",
      "font_class": "nest-service",
      "unicode": "e6d7",
      "unicode_decimal": 59095
    },
    {
      "icon_id": "13303913",
      "name": "nim",
      "font_class": "nim",
      "unicode": "e6d8",
      "unicode_decimal": 59096
    },
    {
      "icon_id": "13303914",
      "name": "netlify",
      "font_class": "netlify",
      "unicode": "e6d9",
      "unicode_decimal": 59097
    },
    {
      "icon_id": "13303918",
      "name": "nix",
      "font_class": "nix",
      "unicode": "e6da",
      "unicode_decimal": 59098
    },
    {
      "icon_id": "13303920",
      "name": "nest-controller",
      "font_class": "nest-controller",
      "unicode": "e6db",
      "unicode_decimal": 59099
    },
    {
      "icon_id": "13303933",
      "name": "php",
      "font_class": "php",
      "unicode": "e6dc",
      "unicode_decimal": 59100
    },
    {
      "icon_id": "13303934",
      "name": "perl",
      "font_class": "perl",
      "unicode": "e6dd",
      "unicode_decimal": 59101
    },
    {
      "icon_id": "13303935",
      "name": "php_elephant",
      "font_class": "php_elephant",
      "unicode": "e6de",
      "unicode_decimal": 59102
    },
    {
      "icon_id": "13303936",
      "name": "powerpoint",
      "font_class": "powerpoint1",
      "unicode": "e6df",
      "unicode_decimal": 59103
    },
    {
      "icon_id": "13303937",
      "name": "powershell",
      "font_class": "powershell",
      "unicode": "e6e0",
      "unicode_decimal": 59104
    },
    {
      "icon_id": "13303938",
      "name": "prisma",
      "font_class": "prisma",
      "unicode": "e6e1",
      "unicode_decimal": 59105
    },
    {
      "icon_id": "13303940",
      "name": "prolog",
      "font_class": "prolog",
      "unicode": "e6e2",
      "unicode_decimal": 59106
    },
    {
      "icon_id": "13303942",
      "name": "nodejs",
      "font_class": "nodejs",
      "unicode": "e6e3",
      "unicode_decimal": 59107
    },
    {
      "icon_id": "13303944",
      "name": "processing_light",
      "font_class": "processing_light",
      "unicode": "e6e4",
      "unicode_decimal": 59108
    },
    {
      "icon_id": "13303947",
      "name": "npm",
      "font_class": "npm",
      "unicode": "e6e5",
      "unicode_decimal": 59109
    },
    {
      "icon_id": "13303948",
      "name": "nunjucks",
      "font_class": "nunjucks",
      "unicode": "e6e6",
      "unicode_decimal": 59110
    },
    {
      "icon_id": "13303949",
      "name": "nuxt",
      "font_class": "nuxt",
      "unicode": "e6e7",
      "unicode_decimal": 59111
    },
    {
      "icon_id": "13303950",
      "name": "pug",
      "font_class": "pug",
      "unicode": "e6e8",
      "unicode_decimal": 59112
    },
    {
      "icon_id": "13303952",
      "name": "pdf",
      "font_class": "pdf",
      "unicode": "e6e9",
      "unicode_decimal": 59113
    },
    {
      "icon_id": "13303953",
      "name": "percy",
      "font_class": "percy",
      "unicode": "e6ea",
      "unicode_decimal": 59114
    },
    {
      "icon_id": "13303954",
      "name": "postcss",
      "font_class": "postcss",
      "unicode": "e6eb",
      "unicode_decimal": 59115
    },
    {
      "icon_id": "13304019",
      "name": "react",
      "font_class": "react",
      "unicode": "e6ec",
      "unicode_decimal": 59116
    },
    {
      "icon_id": "13304020",
      "name": "react_ts",
      "font_class": "react_ts",
      "unicode": "e6ed",
      "unicode_decimal": 59117
    },
    {
      "icon_id": "13304021",
      "name": "readme",
      "font_class": "readme",
      "unicode": "e6ee",
      "unicode_decimal": 59118
    },
    {
      "icon_id": "13304022",
      "name": "reason",
      "font_class": "reason",
      "unicode": "e6ef",
      "unicode_decimal": 59119
    },
    {
      "icon_id": "13304023",
      "name": "red",
      "font_class": "red",
      "unicode": "e6f0",
      "unicode_decimal": 59120
    },
    {
      "icon_id": "13304024",
      "name": "redux-reducer",
      "font_class": "redux-reducer",
      "unicode": "e6f1",
      "unicode_decimal": 59121
    },
    {
      "icon_id": "13304025",
      "name": "redux-action",
      "font_class": "redux-action",
      "unicode": "e6f2",
      "unicode_decimal": 59122
    },
    {
      "icon_id": "13304026",
      "name": "redux-store",
      "font_class": "redux-store",
      "unicode": "e6f3",
      "unicode_decimal": 59123
    },
    {
      "icon_id": "13304027",
      "name": "riot",
      "font_class": "riot",
      "unicode": "e6f4",
      "unicode_decimal": 59124
    },
    {
      "icon_id": "13304028",
      "name": "robot",
      "font_class": "robot",
      "unicode": "e6f5",
      "unicode_decimal": 59125
    },
    {
      "icon_id": "13304029",
      "name": "routing",
      "font_class": "routing",
      "unicode": "e6f6",
      "unicode_decimal": 59126
    },
    {
      "icon_id": "13304030",
      "name": "ruby",
      "font_class": "ruby",
      "unicode": "e6f7",
      "unicode_decimal": 59127
    },
    {
      "icon_id": "13304031",
      "name": "puppet",
      "font_class": "puppet",
      "unicode": "e6f8",
      "unicode_decimal": 59128
    },
    {
      "icon_id": "13304032",
      "name": "purescript",
      "font_class": "purescript",
      "unicode": "e6f9",
      "unicode_decimal": 59129
    },
    {
      "icon_id": "13304033",
      "name": "python",
      "font_class": "python",
      "unicode": "e6fa",
      "unicode_decimal": 59130
    },
    {
      "icon_id": "13304034",
      "name": "qsharp",
      "font_class": "qsharp",
      "unicode": "e6fb",
      "unicode_decimal": 59131
    },
    {
      "icon_id": "13304035",
      "name": "r",
      "font_class": "r",
      "unicode": "e6fc",
      "unicode_decimal": 59132
    },
    {
      "icon_id": "13304036",
      "name": "rust",
      "font_class": "rust",
      "unicode": "e6fd",
      "unicode_decimal": 59133
    },
    {
      "icon_id": "13304037",
      "name": "raml",
      "font_class": "raml",
      "unicode": "e6fe",
      "unicode_decimal": 59134
    },
    {
      "icon_id": "13304038",
      "name": "razor",
      "font_class": "razor",
      "unicode": "e6ff",
      "unicode_decimal": 59135
    },
    {
      "icon_id": "13304039",
      "name": "restql",
      "font_class": "restql",
      "unicode": "e700",
      "unicode_decimal": 59136
    },
    {
      "icon_id": "13304040",
      "name": "python-misc",
      "font_class": "python-misc",
      "unicode": "e701",
      "unicode_decimal": 59137
    },
    {
      "icon_id": "13304041",
      "name": "racket",
      "font_class": "racket",
      "unicode": "e702",
      "unicode_decimal": 59138
    },
    {
      "icon_id": "13304044",
      "name": "stencil",
      "font_class": "stencil",
      "unicode": "e703",
      "unicode_decimal": 59139
    },
    {
      "icon_id": "13304045",
      "name": "stencil_light",
      "font_class": "stencil_light",
      "unicode": "e704",
      "unicode_decimal": 59140
    },
    {
      "icon_id": "13304046",
      "name": "storybook",
      "font_class": "storybook",
      "unicode": "e705",
      "unicode_decimal": 59141
    },
    {
      "icon_id": "13304047",
      "name": "stylus",
      "font_class": "stylus",
      "unicode": "e706",
      "unicode_decimal": 59142
    },
    {
      "icon_id": "13304048",
      "name": "stylelint_light",
      "font_class": "stylelint_light",
      "unicode": "e707",
      "unicode_decimal": 59143
    },
    {
      "icon_id": "13304049",
      "name": "sublime",
      "font_class": "sublime",
      "unicode": "e708",
      "unicode_decimal": 59144
    },
    {
      "icon_id": "13304050",
      "name": "stylelint",
      "font_class": "stylelint",
      "unicode": "e709",
      "unicode_decimal": 59145
    },
    {
      "icon_id": "13304051",
      "name": "svg",
      "font_class": "svg",
      "unicode": "e70a",
      "unicode_decimal": 59146
    },
    {
      "icon_id": "13304052",
      "name": "svelte",
      "font_class": "svelte",
      "unicode": "e70b",
      "unicode_decimal": 59147
    },
    {
      "icon_id": "13304053",
      "name": "swift",
      "font_class": "swift",
      "unicode": "e70c",
      "unicode_decimal": 59148
    },
    {
      "icon_id": "13304054",
      "name": "san",
      "font_class": "san",
      "unicode": "e70d",
      "unicode_decimal": 59149
    },
    {
      "icon_id": "13304055",
      "name": "sbt",
      "font_class": "sbt",
      "unicode": "e70e",
      "unicode_decimal": 59150
    },
    {
      "icon_id": "13304056",
      "name": "sass",
      "font_class": "sass",
      "unicode": "e70f",
      "unicode_decimal": 59151
    },
    {
      "icon_id": "13304057",
      "name": "scala",
      "font_class": "scala",
      "unicode": "e710",
      "unicode_decimal": 59152
    },
    {
      "icon_id": "13304058",
      "name": "scheme",
      "font_class": "scheme",
      "unicode": "e711",
      "unicode_decimal": 59153
    },
    {
      "icon_id": "13304059",
      "name": "semantic-release",
      "font_class": "semantic-release",
      "unicode": "e712",
      "unicode_decimal": 59154
    },
    {
      "icon_id": "13304060",
      "name": "semantic-release_light",
      "font_class": "semantic-release_light",
      "unicode": "e713",
      "unicode_decimal": 59155
    },
    {
      "icon_id": "13304061",
      "name": "shaderlab",
      "font_class": "shaderlab",
      "unicode": "e714",
      "unicode_decimal": 59156
    },
    {
      "icon_id": "13304062",
      "name": "slim",
      "font_class": "slim",
      "unicode": "e715",
      "unicode_decimal": 59157
    },
    {
      "icon_id": "13304063",
      "name": "silverstripe",
      "font_class": "silverstripe",
      "unicode": "e716",
      "unicode_decimal": 59158
    },
    {
      "icon_id": "13304064",
      "name": "sequelize",
      "font_class": "sequelize",
      "unicode": "e717",
      "unicode_decimal": 59159
    },
    {
      "icon_id": "13304065",
      "name": "smarty",
      "font_class": "smarty",
      "unicode": "e718",
      "unicode_decimal": 59160
    },
    {
      "icon_id": "13304066",
      "name": "solidity",
      "font_class": "solidity",
      "unicode": "e719",
      "unicode_decimal": 59161
    },
    {
      "icon_id": "13304067",
      "name": "snyk",
      "font_class": "snyk",
      "unicode": "e71a",
      "unicode_decimal": 59162
    },
    {
      "icon_id": "13304068",
      "name": "settings",
      "font_class": "settings",
      "unicode": "e71b",
      "unicode_decimal": 59163
    },
    {
      "icon_id": "13304112",
      "name": "tune",
      "font_class": "tune",
      "unicode": "e71c",
      "unicode_decimal": 59164
    },
    {
      "icon_id": "13301823",
      "name": "yellowFolder",
      "font_class": "yellowFolder",
      "unicode": "e602",
      "unicode_decimal": 58882
    },
    {
      "icon_id": "13304113",
      "name": "twig",
      "font_class": "twig",
      "unicode": "e71d",
      "unicode_decimal": 59165
    },
    {
      "icon_id": "13301834",
      "name": "outlook",
      "font_class": "outlook",
      "unicode": "e608",
      "unicode_decimal": 58888
    },
    {
      "icon_id": "13304114",
      "name": "typescript",
      "font_class": "typescript",
      "unicode": "e71e",
      "unicode_decimal": 59166
    },
    {
      "icon_id": "13301840",
      "name": "powerpoint",
      "font_class": "powerpoint",
      "unicode": "e60a",
      "unicode_decimal": 58890
    },
    {
      "icon_id": "13304115",
      "name": "url",
      "font_class": "url",
      "unicode": "e71f",
      "unicode_decimal": 59167
    },
    {
      "icon_id": "13301855",
      "name": "yellowFolder",
      "font_class": "yellowFolder1",
      "unicode": "e613",
      "unicode_decimal": 58899
    },
    {
      "icon_id": "13304116",
      "name": "table",
      "font_class": "table",
      "unicode": "e720",
      "unicode_decimal": 59168
    },
    {
      "icon_id": "13301856",
      "name": "word",
      "font_class": "word",
      "unicode": "e614",
      "unicode_decimal": 58900
    },
    {
      "icon_id": "13304117",
      "name": "typescript-def",
      "font_class": "typescript-def",
      "unicode": "e721",
      "unicode_decimal": 59169
    },
    {
      "icon_id": "13301872",
      "name": "excel",
      "font_class": "excel",
      "unicode": "e61c",
      "unicode_decimal": 58908
    },
    {
      "icon_id": "13304118",
      "name": "tailwindcss",
      "font_class": "tailwindcss",
      "unicode": "e722",
      "unicode_decimal": 59170
    },
    {
      "icon_id": "13302908",
      "name": "audio",
      "font_class": "audio",
      "unicode": "e623",
      "unicode_decimal": 58915
    },
    {
      "icon_id": "13304119",
      "name": "terraform",
      "font_class": "terraform",
      "unicode": "e723",
      "unicode_decimal": 59171
    },
    {
      "icon_id": "13302910",
      "name": "3d",
      "font_class": "d",
      "unicode": "e624",
      "unicode_decimal": 58916
    },
    {
      "icon_id": "13304120",
      "name": "test-js",
      "font_class": "test-js",
      "unicode": "e724",
      "unicode_decimal": 59172
    },
    {
      "icon_id": "13302911",
      "name": "authors",
      "font_class": "authors",
      "unicode": "e625",
      "unicode_decimal": 58917
    },
    {
      "icon_id": "13304121",
      "name": "test-jsx",
      "font_class": "test-jsx",
      "unicode": "e725",
      "unicode_decimal": 59173
    },
    {
      "icon_id": "13302912",
      "name": "autohotkey",
      "font_class": "autohotkey",
      "unicode": "e626",
      "unicode_decimal": 58918
    },
    {
      "icon_id": "13304122",
      "name": "test-ts",
      "font_class": "test-ts",
      "unicode": "e726",
      "unicode_decimal": 59174
    },
    {
      "icon_id": "13302913",
      "name": "asciidoc",
      "font_class": "asciidoc",
      "unicode": "e627",
      "unicode_decimal": 58919
    },
    {
      "icon_id": "13304123",
      "name": "tex",
      "font_class": "tex",
      "unicode": "e727",
      "unicode_decimal": 59175
    },
    {
      "icon_id": "13302914",
      "name": "advpl_prw",
      "font_class": "advpl_prw",
      "unicode": "e628",
      "unicode_decimal": 58920
    },
    {
      "icon_id": "13304124",
      "name": "todo",
      "font_class": "todo",
      "unicode": "e728",
      "unicode_decimal": 59176
    },
    {
      "icon_id": "13302915",
      "name": "angular-resolver",
      "font_class": "angular-resolver",
      "unicode": "e629",
      "unicode_decimal": 58921
    },
    {
      "icon_id": "13304126",
      "name": "travis",
      "font_class": "travis",
      "unicode": "e729",
      "unicode_decimal": 59177
    },
    {
      "icon_id": "13302916",
      "name": "autoit",
      "font_class": "autoit",
      "unicode": "e62a",
      "unicode_decimal": 58922
    },
    {
      "icon_id": "13304127",
      "name": "wallaby",
      "font_class": "wallaby",
      "unicode": "e72a",
      "unicode_decimal": 59178
    },
    {
      "icon_id": "13302917",
      "name": "assembly",
      "font_class": "assembly",
      "unicode": "e62b",
      "unicode_decimal": 58923
    },
    {
      "icon_id": "13304128",
      "name": "watchman",
      "font_class": "watchman",
      "unicode": "e72b",
      "unicode_decimal": 59179
    },
    {
      "icon_id": "13302921",
      "name": "apiblueprint",
      "font_class": "apiblueprint",
      "unicode": "e62c",
      "unicode_decimal": 58924
    },
    {
      "icon_id": "13304129",
      "name": "webhint",
      "font_class": "webhint",
      "unicode": "e72c",
      "unicode_decimal": 59180
    },
    {
      "icon_id": "13302922",
      "name": "android",
      "font_class": "android",
      "unicode": "e62d",
      "unicode_decimal": 58925
    },
    {
      "icon_id": "13304130",
      "name": "webassembly",
      "font_class": "webassembly",
      "unicode": "e72d",
      "unicode_decimal": 59181
    },
    {
      "icon_id": "13302923",
      "name": "azure",
      "font_class": "azure",
      "unicode": "e62e",
      "unicode_decimal": 58926
    },
    {
      "icon_id": "13304131",
      "name": "webpack",
      "font_class": "webpack",
      "unicode": "e72e",
      "unicode_decimal": 59182
    },
    {
      "icon_id": "13302925",
      "name": "applescript",
      "font_class": "applescript",
      "unicode": "e62f",
      "unicode_decimal": 58927
    },
    {
      "icon_id": "13304132",
      "name": "wepy",
      "font_class": "wepy",
      "unicode": "e72f",
      "unicode_decimal": 59183
    },
    {
      "icon_id": "13302927",
      "name": "actionscript",
      "font_class": "actionscript",
      "unicode": "e630",
      "unicode_decimal": 58928
    },
    {
      "icon_id": "13304133",
      "name": "wolframlanguage",
      "font_class": "wolframlanguage",
      "unicode": "e730",
      "unicode_decimal": 59184
    },
    {
      "icon_id": "13302930",
      "name": "appveyor",
      "font_class": "appveyor",
      "unicode": "e631",
      "unicode_decimal": 58929
    },
    {
      "icon_id": "13304134",
      "name": "word",
      "font_class": "word1",
      "unicode": "e731",
      "unicode_decimal": 59185
    },
    {
      "icon_id": "13302940",
      "name": "certificate",
      "font_class": "certificate",
      "unicode": "e632",
      "unicode_decimal": 58930
    },
    {
      "icon_id": "13304135",
      "name": "xaml",
      "font_class": "xaml",
      "unicode": "e732",
      "unicode_decimal": 59186
    },
    {
      "icon_id": "13302941",
      "name": "changelog",
      "font_class": "changelog",
      "unicode": "e633",
      "unicode_decimal": 58931
    },
    {
      "icon_id": "13304136",
      "name": "xml",
      "font_class": "xml",
      "unicode": "e733",
      "unicode_decimal": 59187
    },
    {
      "icon_id": "13302942",
      "name": "circleci",
      "font_class": "circleci",
      "unicode": "e634",
      "unicode_decimal": 58932
    },
    {
      "icon_id": "13304137",
      "name": "velocity",
      "font_class": "velocity",
      "unicode": "e734",
      "unicode_decimal": 59188
    },
    {
      "icon_id": "13302943",
      "name": "circleci_light",
      "font_class": "circleci_light",
      "unicode": "e635",
      "unicode_decimal": 58933
    },
    {
      "icon_id": "13304138",
      "name": "verilog",
      "font_class": "verilog",
      "unicode": "e735",
      "unicode_decimal": 59189
    },
    {
      "icon_id": "13302944",
      "name": "code-climate_light",
      "font_class": "code-climate_light",
      "unicode": "e636",
      "unicode_decimal": 58934
    },
    {
      "icon_id": "13304139",
      "name": "video",
      "font_class": "video",
      "unicode": "e736",
      "unicode_decimal": 59190
    },
    {
      "icon_id": "13302946",
      "name": "cmake",
      "font_class": "cmake",
      "unicode": "e637",
      "unicode_decimal": 58935
    },
    {
      "icon_id": "13304140",
      "name": "vim",
      "font_class": "vim",
      "unicode": "e737",
      "unicode_decimal": 59191
    },
    {
      "icon_id": "13302947",
      "name": "codeowners",
      "font_class": "codeowners",
      "unicode": "e638",
      "unicode_decimal": 58936
    },
    {
      "icon_id": "13304141",
      "name": "virtual",
      "font_class": "virtual",
      "unicode": "e738",
      "unicode_decimal": 59192
    },
    {
      "icon_id": "13302948",
      "name": "clojure",
      "font_class": "clojure",
      "unicode": "e639",
      "unicode_decimal": 58937
    },
    {
      "icon_id": "13304142",
      "name": "visualstudio",
      "font_class": "visualstudio",
      "unicode": "e739",
      "unicode_decimal": 59193
    },
    {
      "icon_id": "13302949",
      "name": "azure-pipelines",
      "font_class": "azure-pipelines",
      "unicode": "e63a",
      "unicode_decimal": 58938
    },
    {
      "icon_id": "13304143",
      "name": "vagrant",
      "font_class": "vagrant",
      "unicode": "e73a",
      "unicode_decimal": 59194
    },
    {
      "icon_id": "13302950",
      "name": "babel",
      "font_class": "babel",
      "unicode": "e63b",
      "unicode_decimal": 58939
    },
    {
      "icon_id": "13304144",
      "name": "vscode",
      "font_class": "vscode",
      "unicode": "e73b",
      "unicode_decimal": 59195
    },
    {
      "icon_id": "13302951",
      "name": "bazel",
      "font_class": "bazel",
      "unicode": "e63c",
      "unicode_decimal": 58940
    },
    {
      "icon_id": "13304145",
      "name": "vue",
      "font_class": "vue",
      "unicode": "e73c",
      "unicode_decimal": 59196
    },
    {
      "icon_id": "13302952",
      "name": "ballerina",
      "font_class": "ballerina",
      "unicode": "e63d",
      "unicode_decimal": 58941
    },
    {
      "icon_id": "13304146",
      "name": "vue-config",
      "font_class": "vue-config",
      "unicode": "e73d",
      "unicode_decimal": 59197
    },
    {
      "icon_id": "13302953",
      "name": "blink",
      "font_class": "blink",
      "unicode": "e63e",
      "unicode_decimal": 58942
    },
    {
      "icon_id": "13304147",
      "name": "vuex-store",
      "font_class": "vuex-store",
      "unicode": "e73e",
      "unicode_decimal": 59198
    },
    {
      "icon_id": "13302954",
      "name": "blink_light",
      "font_class": "blink_light",
      "unicode": "e63f",
      "unicode_decimal": 58943
    },
    {
      "icon_id": "13304148",
      "name": "wakatime",
      "font_class": "wakatime",
      "unicode": "e73f",
      "unicode_decimal": 59199
    },
    {
      "icon_id": "13302955",
      "name": "codecov",
      "font_class": "codecov",
      "unicode": "e640",
      "unicode_decimal": 58944
    },
    {
      "icon_id": "13304149",
      "name": "wakatime_light",
      "font_class": "wakatime_light",
      "unicode": "e740",
      "unicode_decimal": 59200
    },
    {
      "icon_id": "13302956",
      "name": "browserlist",
      "font_class": "browserlist",
      "unicode": "e641",
      "unicode_decimal": 58945
    },
    {
      "icon_id": "13304153",
      "name": "yarn",
      "font_class": "yarn",
      "unicode": "e741",
      "unicode_decimal": 59201
    },
    {
      "icon_id": "13302957",
      "name": "c",
      "font_class": "c",
      "unicode": "e642",
      "unicode_decimal": 58946
    },
    {
      "icon_id": "13304154",
      "name": "zip",
      "font_class": "zip",
      "unicode": "e742",
      "unicode_decimal": 59202
    },
    {
      "icon_id": "13302958",
      "name": "cake",
      "font_class": "cake",
      "unicode": "e643",
      "unicode_decimal": 58947
    },
    {
      "icon_id": "13304155",
      "name": "zig",
      "font_class": "zig",
      "unicode": "e743",
      "unicode_decimal": 59203
    },
    {
      "icon_id": "13302959",
      "name": "bithound",
      "font_class": "bithound",
      "unicode": "e644",
      "unicode_decimal": 58948
    },
    {
      "icon_id": "13304156",
      "name": "yaml",
      "font_class": "yaml",
      "unicode": "e744",
      "unicode_decimal": 59204
    },
    {
      "icon_id": "13302960",
      "name": "buildkite",
      "font_class": "buildkite",
      "unicode": "e645",
      "unicode_decimal": 58949
    },
    {
      "icon_id": "13304157",
      "name": "yang",
      "font_class": "yang",
      "unicode": "e745",
      "unicode_decimal": 59205
    },
    {
      "icon_id": "13302962",
      "name": "bucklescript",
      "font_class": "bucklescript",
      "unicode": "e646",
      "unicode_decimal": 58950
    },
    {
      "icon_id": "13302963",
      "name": "bower",
      "font_class": "bower",
      "unicode": "e647",
      "unicode_decimal": 58951
    },
    {
      "icon_id": "13302964",
      "name": "browserlist_light",
      "font_class": "browserlist_light",
      "unicode": "e648",
      "unicode_decimal": 58952
    },
    {
      "icon_id": "13303083",
      "name": "edge",
      "font_class": "edge",
      "unicode": "e649",
      "unicode_decimal": 58953
    },
    {
      "icon_id": "13303085",
      "name": "drone_light",
      "font_class": "drone_light",
      "unicode": "e64a",
      "unicode_decimal": 58954
    },
    {
      "icon_id": "13303086",
      "name": "ejs",
      "font_class": "ejs",
      "unicode": "e64b",
      "unicode_decimal": 58955
    },
    {
      "icon_id": "13303087",
      "name": "email",
      "font_class": "email",
      "unicode": "e64c",
      "unicode_decimal": 58956
    },
    {
      "icon_id": "13303088",
      "name": "erlang",
      "font_class": "erlang",
      "unicode": "e64d",
      "unicode_decimal": 58957
    },
    {
      "icon_id": "13303089",
      "name": "elm",
      "font_class": "elm",
      "unicode": "e64e",
      "unicode_decimal": 58958
    },
    {
      "icon_id": "13303090",
      "name": "exe",
      "font_class": "exe",
      "unicode": "e64f",
      "unicode_decimal": 58959
    },
    {
      "icon_id": "13303091",
      "name": "firebase",
      "font_class": "firebase",
      "unicode": "e650",
      "unicode_decimal": 58960
    },
    {
      "icon_id": "13303092",
      "name": "favicon",
      "font_class": "favicon",
      "unicode": "e651",
      "unicode_decimal": 58961
    },
    {
      "icon_id": "13303093",
      "name": "eslint",
      "font_class": "eslint",
      "unicode": "e652",
      "unicode_decimal": 58962
    },
    {
      "icon_id": "13303094",
      "name": "coffee",
      "font_class": "coffee",
      "unicode": "e653",
      "unicode_decimal": 58963
    },
    {
      "icon_id": "13303095",
      "name": "file",
      "font_class": "file",
      "unicode": "e654",
      "unicode_decimal": 58964
    },
    {
      "icon_id": "13303096",
      "name": "fastlane",
      "font_class": "fastlane",
      "unicode": "e655",
      "unicode_decimal": 58965
    },
    {
      "icon_id": "13303097",
      "name": "conduct",
      "font_class": "conduct",
      "unicode": "e656",
      "unicode_decimal": 58966
    },
    {
      "icon_id": "13303098",
      "name": "console",
      "font_class": "console",
      "unicode": "e657",
      "unicode_decimal": 58967
    },
    {
      "icon_id": "13303099",
      "name": "cpp",
      "font_class": "cpp",
      "unicode": "e658",
      "unicode_decimal": 58968
    },
    {
      "icon_id": "13303100",
      "name": "coldfusion",
      "font_class": "coldfusion",
      "unicode": "e659",
      "unicode_decimal": 58969
    },
    {
      "icon_id": "13303101",
      "name": "credits",
      "font_class": "credits",
      "unicode": "e65a",
      "unicode_decimal": 58970
    },
    {
      "icon_id": "13303102",
      "name": "contributing",
      "font_class": "contributing",
      "unicode": "e65b",
      "unicode_decimal": 58971
    },
    {
      "icon_id": "13303106",
      "name": "css",
      "font_class": "css",
      "unicode": "e65c",
      "unicode_decimal": 58972
    },
    {
      "icon_id": "13303107",
      "name": "css-map",
      "font_class": "css-map",
      "unicode": "e65d",
      "unicode_decimal": 58973
    },
    {
      "icon_id": "13303109",
      "name": "diff",
      "font_class": "diff",
      "unicode": "e65e",
      "unicode_decimal": 58974
    },
    {
      "icon_id": "13303110",
      "name": "database",
      "font_class": "database",
      "unicode": "e65f",
      "unicode_decimal": 58975
    },
    {
      "icon_id": "13303111",
      "name": "disc",
      "font_class": "disc",
      "unicode": "e660",
      "unicode_decimal": 58976
    },
    {
      "icon_id": "13303112",
      "name": "cuda",
      "font_class": "cuda",
      "unicode": "e661",
      "unicode_decimal": 58977
    },
    {
      "icon_id": "13303114",
      "name": "cucumber",
      "font_class": "cucumber",
      "unicode": "e662",
      "unicode_decimal": 58978
    },
    {
      "icon_id": "13303116",
      "name": "document",
      "font_class": "document",
      "unicode": "e663",
      "unicode_decimal": 58979
    },
    {
      "icon_id": "13303117",
      "name": "django",
      "font_class": "django",
      "unicode": "e664",
      "unicode_decimal": 58980
    },
    {
      "icon_id": "13303118",
      "name": "elixir",
      "font_class": "elixir",
      "unicode": "e665",
      "unicode_decimal": 58981
    },
    {
      "icon_id": "13303119",
      "name": "dart",
      "font_class": "dart",
      "unicode": "e666",
      "unicode_decimal": 58982
    },
    {
      "icon_id": "13303139",
      "name": "folder-ci-open",
      "font_class": "folder-ci-open",
      "unicode": "e667",
      "unicode_decimal": 58983
    },
    {
      "icon_id": "13303140",
      "name": "folder-circleci",
      "font_class": "folder-circleci",
      "unicode": "e668",
      "unicode_decimal": 58984
    },
    {
      "icon_id": "13303144",
      "name": "folder-circleci-open",
      "font_class": "folder-circleci-open",
      "unicode": "e669",
      "unicode_decimal": 58985
    },
    {
      "icon_id": "13303146",
      "name": "folder-client",
      "font_class": "folder-client",
      "unicode": "e66a",
      "unicode_decimal": 58986
    },
    {
      "icon_id": "13303147",
      "name": "folder-command",
      "font_class": "folder-command",
      "unicode": "e66b",
      "unicode_decimal": 58987
    },
    {
      "icon_id": "13303150",
      "name": "folder",
      "font_class": "folder",
      "unicode": "e66c",
      "unicode_decimal": 58988
    },
    {
      "icon_id": "13303151",
      "name": "flow",
      "font_class": "flow",
      "unicode": "e66d",
      "unicode_decimal": 58989
    },
    {
      "icon_id": "13303164",
      "name": "folder-audio",
      "font_class": "folder-audio",
      "unicode": "e66e",
      "unicode_decimal": 58990
    },
    {
      "icon_id": "13303166",
      "name": "folder-aws",
      "font_class": "folder-aws",
      "unicode": "e66f",
      "unicode_decimal": 58991
    },
    {
      "icon_id": "13303168",
      "name": "folder-batch-open",
      "font_class": "folder-batch-open",
      "unicode": "e670",
      "unicode_decimal": 58992
    }
  ]
}
